<?xml version="1.0" encoding="utf-8" standalone="yes"?><rss version="2.0" xmlns:atom="http://www.w3.org/2005/Atom"><channel><title>产品概述 on INFINI GATEWAY</title><link>/docs/overview/</link><description>Recent content in 产品概述 on INFINI GATEWAY</description><generator>Hugo -- gohugo.io</generator><atom:link href="/docs/overview/index.xml" rel="self" type="application/rss+xml"/><item><title>同类对比</title><link>/docs/overview/-comparison/</link><pubDate>Mon, 01 Jan 0001 00:00:00 +0000</pubDate><guid>/docs/overview/-comparison/</guid><description/></item><item><title>硬件规格</title><link>/docs/overview/hardware/</link><pubDate>Mon, 01 Jan 0001 00:00:00 +0000</pubDate><guid>/docs/overview/hardware/</guid><description/></item></channel></rss>