<?xml version="1.0" encoding="utf-8" standalone="yes"?><rss version="2.0" xmlns:atom="http://www.w3.org/2005/Atom"><channel><title>动手教程 on INFINI GATEWAY</title><link>/docs/tutorial/</link><description>Recent content in 动手教程 on INFINI GATEWAY</description><generator>Hugo -- gohugo.io</generator><atom:link href="/docs/tutorial/index.xml" rel="self" type="application/rss+xml"/><item><title>查询日志分析</title><link>/docs/tutorial/request-logging/</link><pubDate>Mon, 01 Jan 0001 00:00:00 +0000</pubDate><guid>/docs/tutorial/request-logging/</guid><description>查询日志分析 # 极限网关能够跟踪记录经过网关的所有请求，可用来分析发送给 Elasticsearch 的请求情况，用于分析请求性能和了解业务运行情况。
设置网关路由 # 如果需要开启极限网关的查询日志分析，需要在路由上面配置 tracing_flow 参数，设置一个流程来记录请求日志。
router: - name: default tracing_flow: request_logging default_flow: cache_first 上面的配置定义了一个名为 default 的路由，默认的请求流程为 cache_first，用于日志记录的流程为 request_logging。
定义日志流程 # 日志处理流程配置 request_logging 的定义如下：
flow: - name: request_logging filter: - name: request_path_filter parameters: must_not: # any match will be filtered prefix: - /favicon.ico - name: request_header_filter parameters: exclude: - app: kibana # in order to filter kibana's access log, config `elasticsearch.customHeaders: { &amp;quot;app&amp;quot;: &amp;quot;kibana&amp;quot; }` to your kibana's config `/config/kibana.</description></item><item><title>与 Elasticsearch-Hadoop 集成</title><link>/docs/tutorial/es-hadoop_integration/</link><pubDate>Mon, 01 Jan 0001 00:00:00 +0000</pubDate><guid>/docs/tutorial/es-hadoop_integration/</guid><description>与 Elasticsearch-Hadoop 集成 # Elasticsearch-Hadoop 默认会通过某个种子节点拿到后端的所有 Elasticsearch 节点，可能存在热点和请求分配不合理的情况， 为了提高后端 Elasticsearch 节点的资源利用率，可以通过极限网关来实现后端 Elasticsearch 节点访问的精准路由。
写入加速 # 如果是通过 Elasticsearch-Hadoop 来进行数据导入，可以通过修改 Elasticsearch-Hadoop 程序的以下参数来访问极限网关来提升写入吞吐，如下：
名称 类型 说明 es.nodes string 设置访问网关的地址列表，如：localhost:8000,localhost:8001 es.nodes.discovery bool 设置为 false，不采用 sniff 模式，只访问配置的后端节点列表 es.nodes.wan.only bool 设置为 true，代理模式，强制走网关地址 es.batch.size.entries int 适当调大批次文档数，提升吞吐，如 5000 es.batch.size.bytes string 适当调大批次传输大小，提升吞吐，如 20mb es.batch.write.refresh bool 设置为 false，避免主动刷新，提升吞吐 相关链接 # Elasticsearch-Hadoop 配置参数文档</description></item></channel></rss>