<?xml version="1.0" encoding="utf-8" standalone="yes"?><rss version="2.0" xmlns:atom="http://www.w3.org/2005/Atom"><channel><title>功能手册 on INFINI GATEWAY</title><link>/docs/references/</link><description>Recent content in 功能手册 on INFINI GATEWAY</description><generator>Hugo -- gohugo.io</generator><atom:link href="/docs/references/index.xml" rel="self" type="application/rss+xml"/><item><title>服务入口</title><link>/docs/references/entry/</link><pubDate>Mon, 01 Jan 0001 00:00:00 +0000</pubDate><guid>/docs/references/entry/</guid><description>服务入口 # 定义入口 # 每一个网关都至少要对外暴露一个服务的入口，用来接收业务的操作请求，这个在极限网关里面叫做 entry，通过下面的参数即可定义：
entry: - name: es_gateway enabled: true router: default network: binding: 0.0.0.0:8000 reuse_port: true tls: enabled: false 通过参数 network.binding 可以指定服务监听的 IP 和地址，极限网关支持端口重用，也就是多个极限网关共享一个相同的 IP 和端口，这样可以充分利用服务器的资源， 也能做到不同网关进程的动态配置修改（通过开启多个进程，修改配置之后，依次重启各个进程）而不会中断客户端的正常请求。
每个发送到 entry 的请求都会通过 router 来进行流量的路由处理，router 在单独的地方定义规则，以方便在不同的 entry 间复用，entry 只需要通过 router 参数指定要使用的 router 规则即可，这里定义的是 default。
TLS 配置 # 极限网关支持无缝开启 TLS 传输加密，只需要将 tls.enabled 设置成 true，即可直接切换为 HTTPS 的通信模式，极限网关能自动生成自签证书。
极限网关也支持自定义证书路径，配置方式如下：
entry: - name: es_gateway enabled: true router: default network: binding: 0.0.0.0:8000 reuse_port: true tls: enabled: true cert_file: /etc/ssl.</description></item><item><title>服务路由</title><link>/docs/references/router/</link><pubDate>Mon, 01 Jan 0001 00:00:00 +0000</pubDate><guid>/docs/references/router/</guid><description>服务路由 # 极限网关通过路由来判断流量的去向，一个典型的路由配置示例如下：
router: - name: default tracing_flow: request_logging default_flow: cache_first rules: - method: - &amp;quot;*&amp;quot; pattern: - / flow: - cache_first 路由有几个非常重要的概念：
flow：请求的处理流程，一个路由里面有三个地方定义 flow default_flow: 默认的处理流，也就是业务处理的主流程，请求转发、过滤、缓存等操作都在这里面进行 tracing_flow：用于追踪请求状态的流，不受 default_flow 的影响，用于记录请求日志、统计等 rules：根据匹配规则将请求分发到特定的处理流中去，支持请求的 Method、Path 的正则匹配 参数说明 # 名称 类型 说明 name string 路由名称 default_flow string 默认的请求的处理流程名称 tracing_flow string 用于追踪请求的处理流程名称 rules array 路由规则列表，按照数组的先后顺序依次应用 rules.method string 请求的 Method 类型，支持 GET、HEAD、POST、PUT、PATCH、DELETE、CONNECT、OPTIONS、TRACE，设置 * 表示不区分 rules.</description></item><item><title>处理流程</title><link>/docs/references/flow/</link><pubDate>Mon, 01 Jan 0001 00:00:00 +0000</pubDate><guid>/docs/references/flow/</guid><description>处理流程 # 定义流程 # 每一个网关接收到的请求都会通过一系列的流程处理，最后才返回给客户端，流程的定义在极限网关里面叫做 flow，以下面的这个例子为例：
flow: - name: hello_world filter: - name: echo parameters: str: &amp;quot;hello gateway\n&amp;quot; repeat: 1 - name: not_found filter: - name: echo parameters: str: '404 not found\n' repeat: 1 上面的例子定义了两个 flow hello_world 和 not_found， 每个 flow 都使用了一个名为 echo 的过滤器，用来输出一段字符串，每个 flow 下面可以定义一系列 filter，他们按照定义的顺序依次执行。
参数说明 # 名称 类型 说明 name string 流程名称 filter array 过滤器设置 filter.</description></item><item><title>Elasticsearch</title><link>/docs/references/elasticsearch/</link><pubDate>Mon, 01 Jan 0001 00:00:00 +0000</pubDate><guid>/docs/references/elasticsearch/</guid><description>Elasticsearch # 定义资源 # 极限网关支持多集群的访问，支持不同的版本，每个集群作为一个 Elasticsearch 后端资源，可以后续被极限网关的多个地方使用，以下面的这个例子为例：
elasticsearch: - name: local enabled: true endpoint: https://127.0.0.1:9200 - name: dev enabled: true endpoint: https://192.168.3.98:9200 basic_auth: username: elastic password: pass - name: prod enabled: true endpoint: http://192.168.3.201:9200 discovery: enabled: true refresh: enabled: true interval: 10s basic_auth: username: elastic password: pass 上面的例子定义了一个名为 local 的本地开发测试集群，和一个名为 dev 的开发集群。开发集群开启了身份验证，这里也定义了相应的用户名和密码。 最后还定义了一个名为 prod 的生产集群，并且通过参数 discovery 开启了集群的节点拓扑自动发现和更新。
参数说明 # 名称 类型 说明 name string Elasticsearch 集群名称 enabled bool 是否启用 endpoint string 访问地址 basic_auth object 身份认证信息 basic_auth.</description></item><item><title>请求上下文</title><link>/docs/references/context/</link><pubDate>Mon, 01 Jan 0001 00:00:00 +0000</pubDate><guid>/docs/references/context/</guid><description>请求上下文 # 什么是上下文 # 上下文是极限网关用来访问当前运行环境下相关信息的入口，如请求的来源和配置信息等等，使用关键字 _ctx 即可访问相应的字段，如：_ctx.request.uri 表示请求的 URL 地址。
内置请求上下文 # HTTP 请求内置的 _ctx 上下文对象主要包括如下：
名称 类型 说明 id uint64 请求的唯一 ID tls bool 表示请求是否 TLS remote_addr string 客户端来源 IP local_addr string 网关本地 IP request.* object 描述请求信息 response.* object 描述响应信息 request # request 对象包含以下属性：
名称 类型 说明 host string 访问的目标主机名/域名 method string 请求类型 uri string 请求完整地址 path string 请求路径 query_args map Url 请求参数 user string 发起请求的用户名 header map Header 参数 body string 请求体 body_length int 请求体长度 response # response 对象包含以下属性：</description></item></channel></rss>