<?xml version="1.0" encoding="utf-8" standalone="yes"?><rss version="2.0" xmlns:atom="http://www.w3.org/2005/Atom"><channel><title>功能组件 on INFINI GATEWAY</title><link>/docs/references/modules/</link><description>Recent content in 功能组件 on INFINI GATEWAY</description><generator>Hugo -- gohugo.io</generator><atom:link href="/docs/references/modules/index.xml" rel="self" type="application/rss+xml"/><item><title>浮动 IP</title><link>/docs/references/modules/floating_ip/</link><pubDate>Mon, 01 Jan 0001 00:00:00 +0000</pubDate><guid>/docs/references/modules/floating_ip/</guid><description>浮动 IP # 极限网关内置浮动 IP 功能，可以实现双机热备、故障转移的能力，极限网关天然提供四层网络流量的高可用，无需再额外考虑增加额外的软件和设备来保障因为停机、网络故障等造成的代理服务中断。
注意:
该特性目前仅支持 Mac OS、Linux 操作系统。且需要网关以 root 身份运行。 此特性依赖目标系统的 ping 和 ifconfig 命令，请确保相关包默认已安装。 一组启用浮动 IP 的网关所在网卡地址应该在一个子网，且内网广播互通（网关实际 IP 和浮动 IP 要求只最后一位地址不一样，如：192.168.3.x）。 功能演示 # Youtube Bilibili 什么是浮动 IP # 极限网关基于浮动 IP 来实现高可用，浮动 IP 也叫虚拟 IP 或者动态 IP，我们知道每台服务器之间都必须要有 IP 才能进行通信，一台服务器的 IP 一般是固定的并且一般要提前分配好， 如果这台服务器因为故障挂了的话，这个 IP 以及上面部署的业务也就不能访问了。 而一个浮动 IP 通常是一个公开的、可以路由到的 IP 地址，并且不会自动分配给实体设备。项目管理者临时分配这个动态IP到一个或者多个实体设备。 这个实体设备有自动分配的静态 IP 用于内部网间设备的通讯。这个内部网使用私有地址，这些私有地址不能被路由到。通过浮动 IP 内网实体的服务才能被外网识别和访问。
为什么需要浮动 IP # 在一个配置好浮动 IP 的典型切换场景是，当出现当前绑定浮动 IP 的机器出现故障的时候，浮动 IP 地址会飘到网络中的另一台设备。新设备无延迟的接替当掉的设备，并对外提供服务。 从而实现网络服务的高可用，对应业务的消费方来说，只需要指定浮动 IP 就可以了。 浮动 IP 非常有用，在某些特定的场景，比如客户端或者 SDK 只允许配置一个服务 IP 地址，所以这个 IP 一定要是高可用的，而极限网关正好解决了这个问题。 使用两个独立的极限网关服务器，最好部署在独立的物理服务器上，两台极限网关构成一组双机热备的状态，任意网关出现故障都能保障前端业务的正常访问。</description></item><item><title>索引差异比较</title><link>/docs/references/modules/index_diff/</link><pubDate>Mon, 01 Jan 0001 00:00:00 +0000</pubDate><guid>/docs/references/modules/index_diff/</guid><description>索引差异比较 # 极限网关内置一个索引差异比较服务，可以对同集群或者跨集群的两个不同的索引进行 diff 比较，对于使用应用双写、CCR 或者其他数据复制方案的场景，可以进行定期 diff 比较来确保数据是否真的一致。
如何开启 # 修改配置文件 gateway.yml，增加如下配置：
path.data: data path.logs: log elasticsearch: - name: prod enabled: true endpoint: https://192.168.3.98:9200 basic_auth: username: test password: testtest - name: dev enabled: true endpoint: http://localhost:9200 basic_auth: #used to discovery full cluster nodes, or check elasticsearch's health and versions username: test password: testtest pipelines: #使用两个 scroll 任务并行读取两个索引的文档 - name: es_scroll_a enabled: true input: joint: es_scroll enabled: false parameters: indices: &amp;quot;medcl-a&amp;quot; scroll_time: &amp;quot;10m&amp;quot; batch_size: 10000 slice_size: 1 elasticsearch: &amp;quot;dev&amp;quot; output_queue: &amp;quot;source_docs&amp;quot; - name: es_scroll_b enabled: true input: joint: es_scroll enabled: false parameters: indices: &amp;quot;medcl-b&amp;quot; scroll_time: &amp;quot;10m&amp;quot; batch_size: 10000 slice_size: 1 elasticsearch: &amp;quot;dev&amp;quot; output_queue: &amp;quot;target_docs&amp;quot; # 消费 diff 结果并保存到 Elasticsearch 用于查看两个索引的 diff 结果 - name: diff_result_ingest enabled: true start: joint: json_indexing enabled: false parameters: index_name: &amp;quot;diff_result&amp;quot; index_type: &amp;quot;doc&amp;quot; elasticsearch: &amp;quot;prod&amp;quot; input_queue: &amp;quot;diff_result&amp;quot; timeout: &amp;quot;1s&amp;quot; worker_size: 1 bulk_size_in_mb: 1 #in MB # 进行 diff 的服务 index_diff: enabled: false diff_queue: &amp;quot;diff_result&amp;quot; buffer_size: 10 source: input_queue: 'source_docs' target: input_queue: 'target_docs' 上面的配置中，使用 es_scroll_a 来拉取集群 dev 的 medcl-a 索引，使用 es_scroll_b 来拉取集群 prod 的 medcl-b 索引， index_diff 服务会实时的对获取到的数据进行差异比较，diff 比较结果会保存到 dev 集群的 diff_result 里面。</description></item><item><title>索引段合并</title><link>/docs/references/modules/force_merge/</link><pubDate>Mon, 01 Jan 0001 00:00:00 +0000</pubDate><guid>/docs/references/modules/force_merge/</guid><description>主动合并索引分段 # 极限网关内置一个索引分段合并服务，可以主动对索引段文件进行合并，从而提升查询速度，段合并服务支持多个索引的依次顺序处理，并对合并任务状态进行了跟踪处理，避免大量段合并任务并行操作拖慢集群。
如何开启 # 修改配置文件 gateway.yml，增加如下配置：
force_merge: enabled: false elasticsearch: dev min_num_segments: 20 max_num_segments: 1 indices: - index_name 各参数说明如下：
名称 类型 说明 enabled bool 是否启用该模块，默认是 false elasticsearch string 操作的 Elasticsearch 集群 ID min_num_segments int 超过多少分片的索引才会执行主动分片合并，以索引为单位的统计数目 max_num_segments int 将分片下的段文件合并之后，最多生成的段文件个数 indices array 需要进行分片合并的索引列表 discovery object 自动发现索引的相关设置 discovery.min_idle_time string 满足段合并条件的最小时间跨度，默认 1d discovery.</description></item></channel></rss>