<?xml version="1.0" encoding="utf-8" standalone="yes"?><rss version="2.0" xmlns:atom="http://www.w3.org/2005/Atom"><channel><title>过滤器 on INFINI GATEWAY</title><link>/docs/references/filters/</link><description>Recent content in 过滤器 on INFINI GATEWAY</description><generator>Hugo -- gohugo.io</generator><atom:link href="/docs/references/filters/index.xml" rel="self" type="application/rss+xml"/><item><title>echo</title><link>/docs/references/filters/echo/</link><pubDate>Mon, 01 Jan 0001 00:00:00 +0000</pubDate><guid>/docs/references/filters/echo/</guid><description>echo # 描述 # echo 过滤器是一个用于打印输出字符信息的过滤器，常用于调试。
功能演示 # 配置示例 # 一个简单的示例如下：
flow: - name: hello_world filter: - name: echo parameters: str: &amp;quot;hello infini\n&amp;quot; echo 过滤器可以重复输出相同的字符多次，示例如下：
flow: - name: echo parameters: str: &amp;quot;hello gateway\n&amp;quot; repeat: 3 参数说明 # 名称 类型 说明 str string 需要输出的字符内容 repeat int 重复次数</description></item><item><title>bulk_reshuffle</title><link>/docs/references/filters/bulk_reshuffle/</link><pubDate>Mon, 01 Jan 0001 00:00:00 +0000</pubDate><guid>/docs/references/filters/bulk_reshuffle/</guid><description>bulk_reshuffle # 描述 # 极限网关具有本地计算每个索引文档对应后端 Elasticsearch 集群的目标存放位置的能力，从而能够精准的进行请求定位，在一批 bulk 请求中，可能存在多个后端节点的数据，bulk_reshuffle 过滤器用来将正常的 bulk 请求打散，按照目标节点或者分片进行拆分重新组装，避免 Elasticsearch 节点收到请求之后再次进行请求分发， 从而降低 Elasticsearch 集群间的流量和负载，也能避免单个节点成为热点瓶颈，确保各个数据节点的处理均衡，从而提升集群总体的索引吞吐能力。
配置示例 # 一个简单的示例如下：
flow: - name: online_indexing_merge filter: - name: bulk_reshuffle parameters: elasticsearch: prod level: node mode: sync - name: elasticsearch parameters: elasticsearch: prod refresh: enabled: true interval: 30s 以上配置表示会将 bulk 请求拆分，按照索引文档所对应的目标节点，重新拆组装，然后分别同步提交到目标 Elasticsearch 节点。
节点级别的异步提交 # 默认的同步提交方式可能受目标 Elasticsearch 服务的性能影响，极限网关支持异步的提交方式，将数据线落地到本地磁盘队列，然后通过单独的任务来消费提交。
当极限网关处于开启异步模式的情况下，就算后端 Elasticsearch 集群出现故障也不会影响索引操作的正常进行，因为请求都是存放在网关本地的磁盘队列，从而解耦了前端索引和后端集群的依赖。因此就算后端 Elasticsearch 集群出现故障、进行重启、或是版本升级都不会影响正常的索引操作。 配置流程 # 首先定义一个异步的请求处理流程。</description></item><item><title>bulk_response_validate</title><link>/docs/references/filters/bulk_response_validate/</link><pubDate>Mon, 01 Jan 0001 00:00:00 +0000</pubDate><guid>/docs/references/filters/bulk_response_validate/</guid><description>bulk_response_validate # 描述 # bulk_response_validate 过滤器用来验证 Elasticsearch 的 Bulk 请求是否正确执行完成。
配置示例 # 一个简单的示例如下：
flow: - name: bulk_response_validate filter: - name: bulk_response_validate parameters: invalid_status: 500 参数说明 # 名称 类型 说明 invalid_status int 当 Bulk 请求不成功的时候，设置请求响应的状态码。</description></item><item><title>cache</title><link>/docs/references/filters/cache/</link><pubDate>Mon, 01 Jan 0001 00:00:00 +0000</pubDate><guid>/docs/references/filters/cache/</guid><description>cache # 描述 # cache 过滤器由 get_cache 和 set_cache 两组过滤器组成，一般需要组合使用，可用于缓存加速查询，抵挡重复请求，降低后端集群查询压力。
get_cache 过滤器 # 过滤器 get_cache 用来从缓存里面获取之前出现的消息，直接返回给客户端，避免访问后端 Elasticsearch，用于缓存热点数据。
配置示例如下：
flow: - name: get_cache filter: - name: get_cache parameters: pass_patterns: [&amp;quot;_cat&amp;quot;,&amp;quot;scroll&amp;quot;, &amp;quot;scroll_id&amp;quot;,&amp;quot;_refresh&amp;quot;,&amp;quot;_cluster&amp;quot;,&amp;quot;_ccr&amp;quot;,&amp;quot;_count&amp;quot;,&amp;quot;_flush&amp;quot;,&amp;quot;_ilm&amp;quot;,&amp;quot;_ingest&amp;quot;,&amp;quot;_license&amp;quot;,&amp;quot;_migration&amp;quot;,&amp;quot;_ml&amp;quot;,&amp;quot;_rollup&amp;quot;,&amp;quot;_data_stream&amp;quot;,&amp;quot;_open&amp;quot;, &amp;quot;_close&amp;quot;] 参数说明 # 名称 类型 说明 pass_patterns string 设置忽略缓存的请求规则，URL 包含其中的任意关键字将跳过缓存 set_cache 过滤器 # 过滤器 set_cache 用来将后端查询拿到的返回结果存到缓存里面，可以设置过期时间。
配置示例如下：
- name: set_cache parameters: min_response_size: 100 max_response_size: 1024000 cache_ttl: 30s max_cache_items: 100000 参数说明 # 名称 类型 说明 cache_type string 缓存类型，支持 ristretto，ccache 和 redis，默认 ristretto cache_ttl string 缓存的过期时间，默认 10s async_search_cache_ttl string 异步请求结果的缓存过期时间，默认 30m min_response_size int 最小符合缓存要求的消息体大小，默认 -1 表示不限制 max_response_size int 最大符合缓存要求的消息体大小，默认为 int 的最大值 max_cached_item int 最大的缓存消息总数，默认 1000000，当类型为 ccache有效 max_cached_size int 最大的缓存内存开销，默认 1000000000 即 1GB，当类型为 ristretto 有效 其它参数 # 如果希望主动忽略缓存，可以在 URL 的参数里面传递一个 no_cache 来让网关忽略缓存。如：</description></item><item><title>clone</title><link>/docs/references/filters/clone/</link><pubDate>Mon, 01 Jan 0001 00:00:00 +0000</pubDate><guid>/docs/references/filters/clone/</guid><description>clone # 描述 # clone 过滤器用来将流量克隆转发到另外的一个处理流程，可以实现双写、多写、多数据中心同步、集群升级、版本切换等需求。
配置示例 # 一个简单的示例如下：
flow: - name: double_write filter: - name: clone parameters: flows: - write_to_region_a - write_to_region_b #last one's response will be output to client - name: write_to_region_a filter: - name: elasticsearch parameters: elasticsearch: es1 - name: write_to_region_b filter: - name: elasticsearch parameters: elasticsearch: es2 上面的例子可以将 Elasticsearch 的请求复制到两个不同的异地集群。
参数说明 # 名称 类型 说明 flows array 指定多个流量处理的流程，依次同步执行，将最后一个流程处理的结果输出给客户端 continue bool 流量迁移出去之后，是否还继续执行之前的既定流程，设置成 false 则立即返回，默认 false。</description></item><item><title>date_range_precision_tuning</title><link>/docs/references/filters/date_range_precision_tuning/</link><pubDate>Mon, 01 Jan 0001 00:00:00 +0000</pubDate><guid>/docs/references/filters/date_range_precision_tuning/</guid><description>date_range_precision_tuning # 描述 # date_range_precision_tuning 过滤器用来重设时间范围查询的时间精度，通过调整精度，可以让短时间内邻近的重复请求更容易被缓存，对于有一些对于时间精度不那么高但是数据量非常大的场景，比如使用 Kibana 来做报表分析，通过缩减精度来缓存重复的查询请求，从而降低后端服务器压力，前端报表展现的提速非常明显。
配置示例 # 一个简单的示例如下：
flow: - name: test filter: - name: date_range_precision_tuning parameters: time_precision: 4 - name: get_cache - name: elasticsearch parameters: elasticsearch: dev - name: set_cache 精度说明 # Kibana 默认发往 Elasticsearch 的查询，使用的是当前时间 Now，精度到毫秒，通过设置不同的精度来改写查询，以下面的查询为例：
{&amp;quot;range&amp;quot;:{&amp;quot;@timestamp&amp;quot;:{&amp;quot;gte&amp;quot;:&amp;quot;2019-09-26T08:21:12.152Z&amp;quot;,&amp;quot;lte&amp;quot;:&amp;quot;2020-09-26T08:21:12.152Z&amp;quot;,&amp;quot;format&amp;quot;:&amp;quot;strict_date_optional_time&amp;quot;} 分别设置不同的精度，改写之后的查询结果如下：
精度 新的查询 0 {&amp;ldquo;range&amp;rdquo;:{&amp;quot;@timestamp&amp;quot;:{&amp;ldquo;gte&amp;rdquo;:&amp;ldquo;2019-09-26T00:00:00.000Z&amp;rdquo;,&amp;ldquo;lte&amp;rdquo;:&amp;ldquo;2020-09-26T23:59:59.999Z&amp;rdquo;,&amp;ldquo;format&amp;rdquo;:&amp;ldquo;strict_date_optional_time&amp;rdquo;} 1 {&amp;ldquo;range&amp;rdquo;:{&amp;quot;@timestamp&amp;quot;:{&amp;ldquo;gte&amp;rdquo;:&amp;ldquo;2019-09-26T00:00:00.000Z&amp;rdquo;,&amp;ldquo;lte&amp;rdquo;:&amp;ldquo;2020-09-26T09:59:59.999Z&amp;rdquo;,&amp;ldquo;format&amp;rdquo;:&amp;ldquo;strict_date_optional_time&amp;rdquo;} 2 {&amp;ldquo;range&amp;rdquo;:{&amp;quot;@timestamp&amp;quot;:{&amp;ldquo;gte&amp;rdquo;:&amp;ldquo;2019-09-26T08:00:00.000Z&amp;rdquo;,&amp;ldquo;lte&amp;rdquo;:&amp;ldquo;2020-09-26T08:59:59.999Z&amp;rdquo;,&amp;ldquo;format&amp;rdquo;:&amp;ldquo;strict_date_optional_time&amp;rdquo;} 3 {&amp;ldquo;range&amp;rdquo;:{&amp;quot;@timestamp&amp;quot;:{&amp;ldquo;gte&amp;rdquo;:&amp;ldquo;2019-09-26T08:20:00.000Z&amp;rdquo;,&amp;ldquo;lte&amp;rdquo;:&amp;ldquo;2020-09-26T08:29:59.999Z&amp;rdquo;,&amp;ldquo;format&amp;rdquo;:&amp;ldquo;strict_date_optional_time&amp;rdquo;} 4 {&amp;ldquo;range&amp;rdquo;:{&amp;quot;@timestamp&amp;quot;:{&amp;ldquo;gte&amp;rdquo;:&amp;ldquo;2019-09-26T08:21:00.</description></item><item><title>disk_enqueue</title><link>/docs/references/filters/disk_enqueue/</link><pubDate>Mon, 01 Jan 0001 00:00:00 +0000</pubDate><guid>/docs/references/filters/disk_enqueue/</guid><description>disk_enqueue # 描述 # disk_enqueue 过滤器用来保存请求到磁盘队列。
配置示例 # 一个简单的示例如下：
flow: - name: disk_enqueue filter: - name: disk_enqueue parameters: queue_name: queue_name 参数说明 # 名称 类型 说明 depth_threshold int 大于队列指定深度才能存入队列，默认为 0 queue_name string 队列名称</description></item><item><title>drop</title><link>/docs/references/filters/drop/</link><pubDate>Mon, 01 Jan 0001 00:00:00 +0000</pubDate><guid>/docs/references/filters/drop/</guid><description>drop # 描述 # drop 过滤器用来丢弃某个消息，提前结束请求的处理。
配置示例 # 一个简单的示例如下：
flow: - name: drop filter: - name: drop</description></item><item><title>dump</title><link>/docs/references/filters/dump/</link><pubDate>Mon, 01 Jan 0001 00:00:00 +0000</pubDate><guid>/docs/references/filters/dump/</guid><description>dump # 描述 # dump 系列过滤器是一个用于在终端打印输出请求信息的过滤器，主要有：
dump_url dump_header dump_request_body dump_response_body dump_response_body dump_context dump 过滤器常用于调试。
配置示例 # 一个简单的示例如下：
flow: - name: hello_world filter: - name: dump_url - name: dump_header - name: dump_request_body - name: dump_response_body dump 过滤器比较简单，没有额外的参数，在需要的流程处理阶段插入 dump 过滤器，即可在终端输出相应阶段的请求信息，方便调试。
dump_context # 可以使用 dump_context 来调试请求上下文信息，网关配置文件：
flow: - name: echo filter: - name: set_response parameters: status: 201 content_type: &amp;quot;text/plain; charset=utf-8&amp;quot; body: &amp;quot;hello world&amp;quot; - name: set_response_header parameters: headers: - Env -&amp;gt; Dev - name: dump_context parameters: context: - _ctx.</description></item><item><title>elasticsearch</title><link>/docs/references/filters/elasticsearch/</link><pubDate>Mon, 01 Jan 0001 00:00:00 +0000</pubDate><guid>/docs/references/filters/elasticsearch/</guid><description>elasticsearch # 描述 # elasticsearch 过滤器是一个用于请求转发给后端 Elasticsearch 集群的过滤器。
配置示例 # 使用 elasticsearch 过滤器之前，需要提前定义一个 Elasticsearch 的集群配置节点，如下：
elasticsearch: - name: prod enabled: true endpoint: http://192.168.3.201:9200 流程的配置示例如下：
flow: - name: cache_first filter: - name: elasticsearch parameters: elasticsearch: prod 上面的例子即将请求转发给 prod 集群。
自动更新 # 对于一个大规模的集群，可能存在很多的节点，不可能一一配置后端的所有节点，只需要先指定 Elasticsearch 模块允许自动发现后端节点，如下：
elasticsearch: - name: prod enabled: true endpoint: http://192.168.3.201:9200 discovery: enabled: true refresh: enabled: true basic_auth: username: elastic password: pass 然后过滤器这边的配置也开启刷新，即可访问后端所有节点，且节点上下线也会自动更新，示例如下：
flow: - name: cache_first filter: - name: elasticsearch parameters: elasticsearch: prod refresh: enabled: true interval: 30s 设置权重 # 如果后端集群很多，极限网关支持对不同的节点设置不同的访问权重，配置示例如下：</description></item><item><title>elasticsearch_health_check</title><link>/docs/references/filters/elasticsearch_health_check/</link><pubDate>Mon, 01 Jan 0001 00:00:00 +0000</pubDate><guid>/docs/references/filters/elasticsearch_health_check/</guid><description>elasticsearch_health_check # 描述 # elasticsearch_health_check 过滤器用来以限速模式下主动探测 Elasticsearch 的健康情况， 当出现后端故障的情况下，可以触发一次主动的集群健康检查，而不用等待 Elasticsearch 默认的轮询检查结果，限速设置为最多每秒发送一次检查请求给后端 Elasticsearch。
配置示例 # 一个简单的示例如下：
flow: - name: elasticsearch_health_check filter: - name: elasticsearch_health_check parameters: elasticsearch: dev 参数说明 # 名称 类型 说明 elasticsearch string 集群 ID</description></item><item><title>flow</title><link>/docs/references/filters/flow/</link><pubDate>Mon, 01 Jan 0001 00:00:00 +0000</pubDate><guid>/docs/references/filters/flow/</guid><description>flow # 描述 # flow 过滤器用来跳转或执行某个或一系列其他流程。
配置示例 # 一个简单的示例如下：
flow: - name: flow filter: - name: flow parameters: flows: - request_logging 参数说明 # 名称 类型 说明 flows array 流程 ID，支持多个</description></item><item><title>ratio</title><link>/docs/references/filters/ratio/</link><pubDate>Mon, 01 Jan 0001 00:00:00 +0000</pubDate><guid>/docs/references/filters/ratio/</guid><description>ratio # 描述 # ratio 过滤器用来将正常的流量按照比例迁移转发到另外的一个处理流程，可以实现灰度发布、流量迁移导出，或者将部分流量切换到不同版本集群用于测试的能力。
配置示例 # 一个简单的示例如下：
flow: - name: ratio_traffic_forward filter: - name: ratio parameters: ratio: 0.1 flow: hello_world continue: true 参数说明 # 名称 类型 说明 ratio float 需要迁移的流量比例 flow string 指定新的流量处理流程 continue bool 流量迁移出去之后，是否还继续执行之前的既定流程，设置成 false 则立即返回，默认 false。</description></item><item><title>request_api_key_filter</title><link>/docs/references/filters/request_api_key_filter/</link><pubDate>Mon, 01 Jan 0001 00:00:00 +0000</pubDate><guid>/docs/references/filters/request_api_key_filter/</guid><description>request_api_key_filter # 描述 # 当 Elasticsearch 是通过 API Key 方式来进行身份认证的时候，request_api_key_filter 过滤器可用来按请求的 API ID 来进行过滤。
配置示例 # 一个简单的示例如下：
flow: - name: test filter: - name: request_api_key_filter parameters: exclude: - VuaCfGcBCdbkQm-e5aOx 上面的例子表示，来自 VuaCfGcBCdbkQm-e5aOx 的请求会被拒绝，如下。
➜ ~ curl localhost:8000 -H &amp;quot;Authorization: ApiKey VnVhQ2ZHY0JDZGJrUW0tZTVhT3g6dWkybHAyYXhUTm1zeWFrdzl0dk5udw==&amp;quot; -v * Rebuilt URL to: localhost:8000/ * Trying 127.0.0.1... * TCP_NODELAY set * Connected to localhost (127.0.0.1) port 8000 (#0) &amp;gt; GET / HTTP/1.1 &amp;gt; Host: localhost:8000 &amp;gt; User-Agent: curl/7.</description></item><item><title>request_api_key_limiter</title><link>/docs/references/filters/request_api_key_limiter/</link><pubDate>Mon, 01 Jan 0001 00:00:00 +0000</pubDate><guid>/docs/references/filters/request_api_key_limiter/</guid><description>request_api_key_limiter # 描述 # request_api_key_limiter 过滤器用来按照 API Key 来进行限速。
配置示例 # 配置示例如下：
flow: - name: rate_limit_flow filter: - name: request_api_key_limiter parameters: id: - VuaCfGcBCdbkQm-e5aOx max_requests: 1 action: drop # retry or drop message: &amp;quot;your api_key reached our limit&amp;quot; 上面的配置中，对 VuaCfGcBCdbkQm-e5aOx 这个 API ID 进行限速，允许的最大 qps 为 1 每秒。
➜ ~ curl localhost:8000 -H &amp;quot;Authorization: ApiKey VnVhQ2ZHY0JDZGJrUW0tZTVhT3g6dWkybHAyYXhUTm1zeWFrdzl0dk5udw==&amp;quot; -v * Rebuilt URL to: localhost:8000/ * Trying 127.0.0.1... * TCP_NODELAY set * Connected to localhost (127.</description></item><item><title>request_body_regex_replace</title><link>/docs/references/filters/request_body_regex_replace/</link><pubDate>Mon, 01 Jan 0001 00:00:00 +0000</pubDate><guid>/docs/references/filters/request_body_regex_replace/</guid><description>request_body_regex_replace # 描述 # request_body_regex_replace 过滤器使用正则表达式来替换请求体正文的字符串内容。
配置示例 # 一个简单的示例如下：
flow: - name: test filter: - name: request_body_regex_replace parameters: pattern: '&amp;quot;size&amp;quot;: 10000' to: '&amp;quot;size&amp;quot;: 100' - name: elasticsearch parameters: elasticsearch: prod 上面的示例将会替换发送给 Elasticsearch 请求体里面，size 设置为 10000 的部分修改为 100，可以用来动态修复错误或者不合理的查询。
测试如下：
curl -XPOST &amp;quot;http://localhost:8000/myindex/_search&amp;quot; -H 'Content-Type: application/json' -d' { &amp;quot;query&amp;quot;: { &amp;quot;match_all&amp;quot;: {} },&amp;quot;size&amp;quot;: 10000 }' 实际发生的查询：
{ &amp;quot;_index&amp;quot; : &amp;quot;gateway_requests&amp;quot;, &amp;quot;_type&amp;quot; : &amp;quot;doc&amp;quot;, &amp;quot;_id&amp;quot; : &amp;quot;EH5bG3gBsbC2s3iWFzCF&amp;quot;, &amp;quot;_score&amp;quot; : 1.</description></item><item><title>request_body_truncate</title><link>/docs/references/filters/request_body_truncate/</link><pubDate>Mon, 01 Jan 0001 00:00:00 +0000</pubDate><guid>/docs/references/filters/request_body_truncate/</guid><description>request_body_truncate # 描述 # request_body_truncate 过滤器用来截断过长的请求体，比如记录日志请求的场景，我们可以限制记录的长度，避免记录的日志太大。
配置示例 # 一个简单的示例如下：
flow: - name: test filter: - name: request_body_truncate parameters: max_size: 1024 - name: request_logging parameters: queue_name: request_logging 参数说明 # 名称 类型 说明 max_size int 最大的请求体消息长度，超过则进行截断处理，默认 1024 add_header bool 是否添加一个标识消息已经被截断的 Header 信息 REQUEST_BODY_TRUNCATED=%SOURCE_SIZE%-&amp;gt;%TARGET_SIZE%，默认 true</description></item><item><title>request_client_ip_filter</title><link>/docs/references/filters/request_client_ip_filter/</link><pubDate>Mon, 01 Jan 0001 00:00:00 +0000</pubDate><guid>/docs/references/filters/request_client_ip_filter/</guid><description>request_client_ip_filter # 描述 # request_client_ip_filter 过滤器用来按请求的来源用户 IP 信息来过滤流量。
配置示例 # 一个简单的示例如下：
flow: - name: test filter: - name: request_client_ip_filter parameters: exclude: - 192.168.3.67 上面的例子表示，来自 192.168.3.67 的请求不允许通过。
参数说明 # 名称 类型 说明 exclude array 拒绝通过的请求 IP 数组列表 include array 允许通过的请求 IP 数组列表 action string 符合过滤条件之后的处理动作，可以是 deny 和 redirect_flow，默认为 deny message string 自定义 deny 模式返回的消息文本 flow string 自定义 redirect_flow 模式执行的 flow ID 注意: 当设置了 include 条件的情况下，必须至少满足 include 设置的其中一种响应码才能被允许通过。 当仅设置了 exclude 条件的情况下，不符合 exclude 的任意请求都允许通过。</description></item><item><title>request_client_ip_limiter</title><link>/docs/references/filters/request_client_ip_limiter/</link><pubDate>Mon, 01 Jan 0001 00:00:00 +0000</pubDate><guid>/docs/references/filters/request_client_ip_limiter/</guid><description>request_client_ip_limiter # 描述 # request_client_ip_limiter 过滤器用来按照请求客户端 IP 来进行限速。
配置示例 # 配置示例如下：
flow: - name: rate_limit_flow filter: - name: request_client_ip_limiter parameters: ip: #only limit for specify ips - 127.0.0.1 max_requests: 256 # max_bytes: 102400 #100k action: retry # retry or drop # max_retry_times: 1000 # retry_interval: 500 #100ms message: &amp;quot;your ip reached our limit&amp;quot; 上面的配置中，对 medcl 这个索引执行查询，允许的最大 qps 为 3，而对其它的索引执行查询的 qps 为 100。
参数说明 # 名称 类型 说明 ip array 设置哪些客户端 IP 会参与限速，不设置表示所有 IP 参与 interval string 评估限速的单位时间间隔，默认为 1s max_requests int 单位间隔内最大的请求次数限额 max_bytes int 单位间隔内最大的请求流量限额 action string 触发限速之后的处理动作，分为 retry 和 drop 两种，默认为 retry message string 设置达到限速条件的请求的拒绝返回消息 retry_interval int 限速重试的时间间隔，单位毫秒，默认 10，即 10 毫秒 max_retry_times int 限速重试的最大重试次数，默认 1000</description></item><item><title>request_header_filter</title><link>/docs/references/filters/request_header_filter/</link><pubDate>Mon, 01 Jan 0001 00:00:00 +0000</pubDate><guid>/docs/references/filters/request_header_filter/</guid><description>request_header_filter # 描述 # request_header_filter 过滤器用来按请求的 Header 信息来过滤流量。
配置示例 # 一个简单的示例如下：
flow: - name: test filter: - name: request_header_filter parameters: include: - TRACE: true 上面的例子表示，当 Header 里面包含 TRACE: true 的请求才被允许通过。
参数说明 # 名称 类型 说明 exclude array 拒绝通过的请求 Header 信息 include array 允许通过的请求 Header 信息 action string 符合过滤条件之后的处理动作，可以是 deny 和 redirect_flow，默认为 deny message string 自定义 deny 模式返回的消息文本 flow string 自定义 redirect_flow 模式执行的 flow ID 注意: 当设置了 include 条件的情况下，必须至少满足 include 设置的其中一种响应码才能被允许通过。 当仅设置了 exclude 条件的情况下，不符合 exclude 的任意请求都允许通过。</description></item><item><title>request_host_filter</title><link>/docs/references/filters/request_host_filter/</link><pubDate>Mon, 01 Jan 0001 00:00:00 +0000</pubDate><guid>/docs/references/filters/request_host_filter/</guid><description>request_host_filter # 描述 # request_host_filter 过滤器主要用来按照指定的域名或者主机名来进行请求过滤，适合只有一个 IP 多个域名需要进行域名访问控制的场景。
配置示例 # 一个简单的示例如下：
flow: - name: test filter: - name: request_host_filter parameters: include: - domain-test2.com:8000 上面的例子表示，只有访问的是这个域名 domain-test2.com:8000 的请求才被允许通过。
示例如下： # ✗ curl -k -u medcl:backsoon http://domain-test4.com:8000/ -v * Trying 192.168.3.67... * TCP_NODELAY set * Connected to domain-test4.com (192.168.3.67) port 8000 (#0) * Server auth using Basic with user 'medcl' &amp;gt; GET / HTTP/1.1 &amp;gt; Host: domain-test4.com:8000 &amp;gt; Authorization: Basic bWVkY2w6YmFja3Nvb24= &amp;gt; User-Agent: curl/7.</description></item><item><title>request_host_limiter</title><link>/docs/references/filters/request_host_limiter/</link><pubDate>Mon, 01 Jan 0001 00:00:00 +0000</pubDate><guid>/docs/references/filters/request_host_limiter/</guid><description>request_host_limiter # 描述 # request_host_limiter 过滤器用来按照请求主机（域名）来进行限速。
配置示例 # 配置示例如下：
flow: - name: rate_limit_flow filter: - name: request_host_limiter parameters: host: - api.elasticsearch.cn - logging.elasticsearch.cn max_requests: 256 # max_bytes: 102400 #100k action: retry # retry or drop # max_retry_times: 1000 # retry_interval: 500 #100ms message: &amp;quot;you reached our limit&amp;quot; 上面的配置中，对 api.elasticsearch.cn 和 logging.elasticsearch.cn 这两个访问域名进行限速，允许的最大 qps 为 256 每秒。
参数说明 # 名称 类型 说明 host array 设置哪些主机域名会参与限速，不设置表示都参与 interval string 评估限速的单位时间间隔，默认为 1s max_requests int 单位间隔内最大的请求次数限额 max_bytes int 单位间隔内最大的请求流量限额 action string 触发限速之后的处理动作，分为 retry 和 drop 两种，默认为 retry message string 设置达到限速条件的请求的拒绝返回消息 retry_interval int 限速重试的时间间隔，单位毫秒，默认 10，即 10 毫秒 max_retry_times int 限速重试的最大重试次数，默认 1000</description></item><item><title>request_logging</title><link>/docs/references/filters/request_logging/</link><pubDate>Mon, 01 Jan 0001 00:00:00 +0000</pubDate><guid>/docs/references/filters/request_logging/</guid><description>request_logging # 描述 # request_logging 过滤器用来按请求记录下来，通过异步记录到本地磁盘的方式，尽可能降低对请求的延迟影响，对于流量很大的场景，建议配合其它请求过滤器来降低日志的总量。
配置示例 # 一个简单的示例如下：
flow: - name: test filter: - name: request_logging parameters: queue_name: request_logging 记录的请求日志样例如下：
{ &amp;quot;_index&amp;quot; : &amp;quot;gateway_requests&amp;quot;, &amp;quot;_type&amp;quot; : &amp;quot;doc&amp;quot;, &amp;quot;_id&amp;quot; : &amp;quot;EH5bG3gBsbC2s3iWFzCF&amp;quot;, &amp;quot;_score&amp;quot; : 1.0, &amp;quot;_source&amp;quot; : { &amp;quot;tls&amp;quot; : false, &amp;quot;@timestamp&amp;quot; : &amp;quot;2021-03-10T08:57:30.645Z&amp;quot;, &amp;quot;conn_time&amp;quot; : &amp;quot;2021-03-10T08:57:30.635Z&amp;quot;, &amp;quot;flow&amp;quot; : { &amp;quot;from&amp;quot; : &amp;quot;127.0.0.1&amp;quot;, &amp;quot;process&amp;quot; : [ &amp;quot;request_body_regex_replace&amp;quot;, &amp;quot;get_cache&amp;quot;, &amp;quot;date_range_precision_tuning&amp;quot;, &amp;quot;get_cache&amp;quot;, &amp;quot;elasticsearch&amp;quot;, &amp;quot;set_cache&amp;quot;, &amp;quot;||&amp;quot;, &amp;quot;request_logging&amp;quot; ], &amp;quot;relay&amp;quot; : &amp;quot;192.</description></item><item><title>request_method_filter</title><link>/docs/references/filters/request_method_filter/</link><pubDate>Mon, 01 Jan 0001 00:00:00 +0000</pubDate><guid>/docs/references/filters/request_method_filter/</guid><description>request_method_filter # 描述 # request_method_filter 过滤器用来按请求 Method 来过滤流量。
配置示例 # 一个简单的示例如下：
flow: - name: test filter: - name: request_method_filter parameters: exclude: - PUT - POST include: - GET - HEAD - DELETE 参数说明 # 名称 类型 说明 exclude array 拒绝通过的请求 Method include array 允许通过的请求 Method action string 符合过滤条件之后的处理动作，可以是 deny 和 redirect_flow，默认为 deny message string 自定义 deny 模式返回的消息文本 flow string 自定义 redirect_flow 模式执行的 flow ID 注意: 当设置了 include 条件的情况下，必须至少满足 include 设置的其中一种响应码才能被允许通过。 当仅设置了 exclude 条件的情况下，不符合 exclude 的任意请求都允许通过。</description></item><item><title>request_path_filter</title><link>/docs/references/filters/request_path_filter/</link><pubDate>Mon, 01 Jan 0001 00:00:00 +0000</pubDate><guid>/docs/references/filters/request_path_filter/</guid><description>request_path_filter # 描述 # request_path_filter 过滤器用来按请求的 Path 路径来过滤流量。
配置示例 # 一个简单的示例如下：
flow: - name: test filter: - name: request_path_filter parameters: must: #must match all rules to continue prefix: - /medcl contain: - _search suffix: - _count - _refresh wildcard: - /*/_refresh regex: - ^/m[\w]+dcl must_not: # any match will be filtered prefix: - /.kibana - /_security - /_security - /gateway_requests* - /.reporting - /_monitoring/bulk contain: - _search suffix: - _count - _refresh wildcard: - /*/_refresh regex: - ^/m[\w]+dcl should: prefix: - /medcl contain: - _search - _async_search suffix: - _refresh wildcard: - /*/_refresh regex: - ^/m[\w]+dcl 参数说明 # 名称 类型 说明 must.</description></item><item><title>request_path_limiter</title><link>/docs/references/filters/request_path_limiter/</link><pubDate>Mon, 01 Jan 0001 00:00:00 +0000</pubDate><guid>/docs/references/filters/request_path_limiter/</guid><description>request_path_limiter # 描述 # request_path_limiter 过滤器用来定义请求的限速规则，可以实现索引级别的限速。
配置示例 # 配置示例如下：
flow: - name: rate_limit_flow filter: - name: request_path_limiter parameters: message: &amp;quot;Hey, You just reached our request limit!&amp;quot; rules: - pattern: &amp;quot;/(?P&amp;lt;index_name&amp;gt;medcl)/_search&amp;quot; max_qps: 3 group: index_name - pattern: &amp;quot;/(?P&amp;lt;index_name&amp;gt;.*?)/_search&amp;quot; max_qps: 100 group: index_name 上面的配置中，对 medcl 这个索引执行查询，允许的最大 qps 为 3，而对其它的索引执行查询的 qps 为 100。
参数说明 # 名称 类型 说明 message string 设置达到限速条件的请求的返回消息 rules array 设置限速的策略，支持多种规则，按照配置的先后顺序处理，先匹配的先执行 rules.</description></item><item><title>request_user_filter</title><link>/docs/references/filters/request_user_filter/</link><pubDate>Mon, 01 Jan 0001 00:00:00 +0000</pubDate><guid>/docs/references/filters/request_user_filter/</guid><description>request_user_filter # 描述 # 当 Elasticsearch 是通过 Basic Auth 方式来进行身份认证的时候，request_user_filter 过滤器可用来按请求的用户名信息来进行过滤。
配置示例 # 一个简单的示例如下：
flow: - name: test filter: - name: request_user_filter parameters: include: - &amp;quot;elastic&amp;quot; 上面的例子表示，只有来自 elastic 的请求才被允许通过。
参数说明 # 名称 类型 说明 exclude array 拒绝通过的请求的用户名列表 include array 允许通过的请求的用户名列表 action string 符合过滤条件之后的处理动作，可以是 deny 和 redirect_flow，默认为 deny message string 自定义 deny 模式返回的消息文本 flow string 自定义 redirect_flow 模式执行的 flow ID 注意: 当设置了 include 条件的情况下，必须至少满足 include 设置的其中一种响应码才能被允许通过。 当仅设置了 exclude 条件的情况下，不符合 exclude 的任意请求都允许通过。</description></item><item><title>request_user_limiter</title><link>/docs/references/filters/request_user_limiter/</link><pubDate>Mon, 01 Jan 0001 00:00:00 +0000</pubDate><guid>/docs/references/filters/request_user_limiter/</guid><description>request_user_limiter # 描述 # request_user_limiter 过滤器用来按照用户名来进行限速。
配置示例 # 配置示例如下：
flow: - name: rate_limit_flow filter: - name: request_user_limiter parameters: user: - elastic - medcl max_requests: 256 # max_bytes: 102400 #100k action: retry # retry or drop # max_retry_times: 1000 # retry_interval: 500 #100ms message: &amp;quot;you reached our limit&amp;quot; 上面的配置中，对 medcl 和 elastic 这两个用户进行限速，允许的最大 qps 为 256 每秒。
参数说明 # 名称 类型 说明 user array 设置哪些用户会参与限速，不设置表示所有用户参与 interval string 评估限速的单位时间间隔，默认为 1s max_requests int 单位间隔内最大的请求次数限额 max_bytes int 单位间隔内最大的请求流量限额 action string 触发限速之后的处理动作，分为 retry 和 drop 两种，默认为 retry message string 设置达到限速条件的请求的拒绝返回消息 retry_interval int 限速重试的时间间隔，单位毫秒，默认 10，即 10 毫秒 max_retry_times int 限速重试的最大重试次数，默认 1000</description></item><item><title>response_body_regex_replace</title><link>/docs/references/filters/response_body_regex_replace/</link><pubDate>Mon, 01 Jan 0001 00:00:00 +0000</pubDate><guid>/docs/references/filters/response_body_regex_replace/</guid><description>response_body_regex_replace # 描述 # response_body_regex_replace 过滤器使用正则表达式来替换请求响应内容的字符串。
配置示例 # 一个简单的示例如下：
flow: - name: test filter: - name: echo parameters: str: &amp;quot;hello infini\n&amp;quot; - name: response_body_regex_replace parameters: pattern: infini to: world 上面的结果输出为 hello world。
参数说明 # 名称 类型 说明 pattern string 用于匹配替换的正则表达式 to string 替换为目标的字符串内容</description></item><item><title>response_body_truncate</title><link>/docs/references/filters/response_body_truncate/</link><pubDate>Mon, 01 Jan 0001 00:00:00 +0000</pubDate><guid>/docs/references/filters/response_body_truncate/</guid><description>response_body_truncate # 描述 # response_body_truncate 过滤器用来截断过长的请求体，比如记录日志请求的场景，我们可以限制记录的长度，避免记录的日志太大。
配置示例 # 一个简单的示例如下：
flow: - name: test filter: - name: response_body_truncate parameters: max_size: 1024 - name: request_logging parameters: queue_name: request_logging 参数说明 # 名称 类型 说明 max_size int 最大的请求体消息长度，超过则进行截断处理，默认 1024 add_header bool 是否添加一个标识消息已经被截断的 Header 信息 RESPONSE_BODY_TRUNCATED=%SOURCE_SIZE%-&amp;gt;%TARGET_SIZE%，默认 true</description></item><item><title>response_header_filter</title><link>/docs/references/filters/response_header_filter/</link><pubDate>Mon, 01 Jan 0001 00:00:00 +0000</pubDate><guid>/docs/references/filters/response_header_filter/</guid><description>response_header_filter # 描述 # response_header_filter 过滤器用来按请求响应的 Header 信息来过滤流量。
配置示例 # 一个简单的示例如下：
flow: - name: test filter: - name: response_header_filter parameters: exclude: - INFINI-CACHE: CACHED 上面的例子表示，当 Header 信息里面出现 INFINI-CACHE: CACHED 的请求一定不允许通过。
参数说明 # 名称 类型 说明 exclude array 拒绝通过的响应 Header 信息 include array 允许通过的响应 Header 信息 action string 符合过滤条件之后的处理动作，可以是 deny 和 redirect_flow，默认为 deny message string 自定义 deny 模式返回的消息文本 flow string 自定义 redirect_flow 模式执行的 flow ID 注意: 当设置了 include 条件的情况下，必须至少满足 include 设置的其中一种响应码才能被允许通过。 当仅设置了 exclude 条件的情况下，不符合 exclude 的任意请求都允许通过。</description></item><item><title>response_header_format</title><link>/docs/references/filters/response_header_format/</link><pubDate>Mon, 01 Jan 0001 00:00:00 +0000</pubDate><guid>/docs/references/filters/response_header_format/</guid><description>response_header_format # 描述 # response_header_format 过滤器用来将请求响应的 Header 信息里面的 Key 都转换成小写。
配置示例 # 一个简单的示例如下：
flow: - name: test filter: - name: response_header_format</description></item><item><title>response_status_filter</title><link>/docs/references/filters/response_status_filter/</link><pubDate>Mon, 01 Jan 0001 00:00:00 +0000</pubDate><guid>/docs/references/filters/response_status_filter/</guid><description>response_status_filter # 描述 # response_status_filter 过滤器用来按后端服务响应的状态码来进行过滤。
配置示例 # 一个简单的示例如下：
flow: - name: test filter: - name: response_status_filter parameters: exclude: - 404 include: - 200 - 201 - 500 参数说明 # 名称 类型 说明 exclude array 拒绝通过的响应码 include array 允许通过的响应码 action string 符合过滤条件之后的处理动作，可以是 deny 和 redirect_flow，默认为 deny message string 自定义 deny 模式返回的消息文本 flow string 自定义 redirect_flow 模式执行的 flow ID 注意: 当设置了 include 条件的情况下，必须至少满足 include 设置的其中一种响应码才能被允许通过。 当仅设置了 exclude 条件的情况下，不符合 exclude 的任意请求都允许通过。</description></item><item><title>sample</title><link>/docs/references/filters/sample/</link><pubDate>Mon, 01 Jan 0001 00:00:00 +0000</pubDate><guid>/docs/references/filters/sample/</guid><description>sample # 描述 # sample 过滤器用来将正常的流量按照比例采样，对于海量查询的场景，全流量收集日志需要耗费大量的资源，可以考虑进行抽样统计，对查询日志进行采样分析。
配置示例 # 一个简单的示例如下：
flow: - name: sample filter: - name: sample parameters: ratio: 0.2 参数说明 # 名称 类型 说明 ratio float 采样比例</description></item><item><title>set_basic_auth</title><link>/docs/references/filters/set_basic_auth/</link><pubDate>Mon, 01 Jan 0001 00:00:00 +0000</pubDate><guid>/docs/references/filters/set_basic_auth/</guid><description>set_basic_auth # 描述 # set_basic_auth 过滤器用来设置请求的基本身份认证信息，一般用于重置请求身份。
配置示例 # 一个简单的示例如下：
flow: - name: set_basic_auth filter: - name: set_basic_auth parameters: username: admin password: password 参数说明 # 名称 类型 说明 username string 用户名 password string 密码</description></item><item><title>set_hostname</title><link>/docs/references/filters/set_hostname/</link><pubDate>Mon, 01 Jan 0001 00:00:00 +0000</pubDate><guid>/docs/references/filters/set_hostname/</guid><description>set_hostname # 描述 # set_hostname 过滤器用来设置请求访问的主机或域名信息。
配置示例 # 一个简单的示例如下：
flow: - name: set_hostname filter: - name: set_hostname parameters: hostname: api.infini.sh 为避免
参数说明 # 名称 类型 说明 hostname string 主机信息</description></item><item><title>set_request_header</title><link>/docs/references/filters/set_request_header/</link><pubDate>Mon, 01 Jan 0001 00:00:00 +0000</pubDate><guid>/docs/references/filters/set_request_header/</guid><description>set_request_header # 描述 # set_request_header 过滤器用来设置请求的 Header 头信息。
配置示例 # 一个简单的示例如下：
flow: - name: set_request_header filter: - name: set_request_header parameters: headers: - Trial -&amp;gt; true - Department -&amp;gt; Engineering 为避免
参数说明 # 名称 类型 说明 headers map 使用 -&amp;gt; 作为标识符的键值对，用于设置 Header 信息</description></item><item><title>set_response</title><link>/docs/references/filters/set_response/</link><pubDate>Mon, 01 Jan 0001 00:00:00 +0000</pubDate><guid>/docs/references/filters/set_response/</guid><description>set_response # 描述 # set_response 过滤器用来设置请求响应返回信息。
配置示例 # 一个简单的示例如下：
flow: - name: set_response filter: - name: set_response parameters: username: admin password: password 参数说明 # 名称 类型 说明 status int 请求状态码，默认 200 content_type string 设置请求返回的内容类型 body string 设置请求返回的结构体</description></item><item><title>set_response_header</title><link>/docs/references/filters/set_response_header/</link><pubDate>Mon, 01 Jan 0001 00:00:00 +0000</pubDate><guid>/docs/references/filters/set_response_header/</guid><description>set_response_header # 描述 # set_response_header 过滤器用来设置请求响应的 Header 头信息。
配置示例 # 一个简单的示例如下：
flow: - name: set_response_header filter: - name: set_response_header parameters: headers: - Trial -&amp;gt; true - Department -&amp;gt; Engineering 为避免
参数说明 # 名称 类型 说明 headers map 使用 -&amp;gt; 作为标识符的键值对，用于设置 Header 信息</description></item><item><title>sleep</title><link>/docs/references/filters/sleep/</link><pubDate>Mon, 01 Jan 0001 00:00:00 +0000</pubDate><guid>/docs/references/filters/sleep/</guid><description>sleep # 描述 # sleep 过滤器用来添加一个固定的延迟到请求，可以人为降速。
配置示例 # 一个简单的示例如下：
flow: - name: slow_query_logging_test filter: - name: sleep parameters: sleep_in_million_seconds: 1024 参数说明 # 名称 类型 说明 sleep_in_million_seconds int64 需要添加的延迟长度，单位为毫秒</description></item><item><title>switch</title><link>/docs/references/filters/switch/</link><pubDate>Mon, 01 Jan 0001 00:00:00 +0000</pubDate><guid>/docs/references/filters/switch/</guid><description>switch # 描述 # switch 过滤器用来将流量按照请求路径转发到另外的一个处理流程，可以方便的实现跨集群操作，且 Elasticsearch 集群不需要做任何修改，且各个集群内所有的 API 都可以访问，包括索引的读写和集群操作。
配置示例 # 一个简单的示例如下：
flow: - name: es1-flow filter: - name: elasticsearch parameters: elasticsearch: es1 - name: es2-flow filter: - name: elasticsearch parameters: elasticsearch: es2 - name: cross_cluste_search filter: - name: switch parameters: path_rules: - prefix: &amp;quot;es1:&amp;quot; flow: es1-flow - prefix: &amp;quot;es2:&amp;quot; flow: es2-flow - name: elasticsearch parameters: elasticsearch: dev #elasticsearch configure reference name 上面的例子中，以 es1: 开头的索引将转发给集群 es1 集群，以 es2: 开头的索引转发给 es2 集群，不匹配的转发给 dev 集群。</description></item><item><title>translog</title><link>/docs/references/filters/translog/</link><pubDate>Mon, 01 Jan 0001 00:00:00 +0000</pubDate><guid>/docs/references/filters/translog/</guid><description>translog # 描述 # translog 过滤器用来将收到的请求保存到本地文件，并压缩存放，可记录部分或完整的请求日志，用于归档和请求重放。
配置示例 # 一个简单的示例如下：
flow: - name: translog filter: - name: translog parameters: max_file_age: 7 max_file_count: 10 参数说明 # 名称 类型 说明 path string 日志存放根目录，默认为网关数据目录下的 translog 子目录 category string 区分不同日志的二级分类子目录，默认为 default filename string 设置日志的文件名，默认为 translog.log compress bool 文件滚动之后是否压缩归档，默认为 true max_file_age int 最多保留的归档文件天数，默认为 30 天 max_file_count int 最多保留的归档文件个数，默认为 100 天 max_file_size_in_mb int 单个归档文件的最大字节数，默认为 1024 MB</description></item></channel></rss>